{
  "24": {
    "arches": {
      "amd64": {
        "dockerUrl": "https://download.docker.com/linux/static/stable/x86_64/docker-24.0.7.tgz",
        "rootlessExtrasUrl": "https://download.docker.com/linux/static/stable/x86_64/docker-rootless-extras-24.0.7.tgz"
      },
      "arm32v6": {
        "dockerUrl": "https://download.docker.com/linux/static/stable/armel/docker-24.0.7.tgz"
      },
      "arm32v7": {
        "dockerUrl": "https://download.docker.com/linux/static/stable/armhf/docker-24.0.7.tgz"
      },
      "arm64v8": {
        "dockerUrl": "https://download.docker.com/linux/static/stable/aarch64/docker-24.0.7.tgz",
        "rootlessExtrasUrl": "https://download.docker.com/linux/static/stable/aarch64/docker-rootless-extras-24.0.7.tgz"
      },
      "windows-amd64": {
        "dockerUrl": "https://download.docker.com/win/static/stable/x86_64/docker-24.0.7.zip"
      }
    },
    "buildx": {
      "arches": {
        "amd64": {
          "file": "buildx-v0.12.1.linux-amd64",
          "sha256": "716321df8ca9c82ffe96f37e9f4aa1199d4969795836dbd57ef72d12e3ac5085",
          "url": "https://github.com/docker/buildx/releases/download/v0.12.1/buildx-v0.12.1.linux-amd64"
        },
        "arm32v6": {
          "file": "buildx-v0.12.1.linux-arm-v6",
          "sha256": "4b3c78b59c0383ab21327e2902af2ea317e3b85e442b1cd776f0c2a7bbbb2999",
          "url": "https://github.com/docker/buildx/releases/download/v0.12.1/buildx-v0.12.1.linux-arm-v6"
        },
        "arm32v7": {
          "file": "buildx-v0.12.1.linux-arm-v7",
          "sha256": "fe0a9e7812051a72c47d009bf9373e76e23644cc3291c848ac4a9b6f237e9e75",
          "url": "https://github.com/docker/buildx/releases/download/v0.12.1/buildx-v0.12.1.linux-arm-v7"
        },
        "arm64v8": {
          "file": "buildx-v0.12.1.linux-arm64",
          "sha256": "fb72d627f2ee080bba70375c367f4292867821e29ca9a8cf485622f6ede8f436",
          "url": "https://github.com/docker/buildx/releases/download/v0.12.1/buildx-v0.12.1.linux-arm64"
        },
        "ppc64le": {
          "file": "buildx-v0.12.1.linux-ppc64le",
          "sha256": "1c649498d727183d82fb243e08856533ea90e8d63bfcd6f8b23b264dbcf7ea7a",
          "url": "https://github.com/docker/buildx/releases/download/v0.12.1/buildx-v0.12.1.linux-ppc64le"
        },
        "riscv64": {
          "file": "buildx-v0.12.1.linux-riscv64",
          "sha256": "152e7b423c1ce888eb0a658321eb8c28cc1d09af01acd5c66eddf8474dddf55c",
          "url": "https://github.com/docker/buildx/releases/download/v0.12.1/buildx-v0.12.1.linux-riscv64"
        },
        "s390x": {
          "file": "buildx-v0.12.1.linux-s390x",
          "sha256": "acee98a9f0550bf2c6c1161cf8067c031ddf0c566c41de7db27847bb72e8ee0b",
          "url": "https://github.com/docker/buildx/releases/download/v0.12.1/buildx-v0.12.1.linux-s390x"
        },
        "windows-amd64": {
          "file": "buildx-v0.12.1.windows-amd64.exe",
          "sha256": "0ff0853a09960ff8f454d5db7253d5d935f5538856ea4985a276cbd1b28a96a5",
          "url": "https://github.com/docker/buildx/releases/download/v0.12.1/buildx-v0.12.1.windows-amd64.exe"
        },
        "windows-arm64v8": {
          "file": "buildx-v0.12.1.windows-arm64.exe",
          "sha256": "1eecfbd9a840b3bbd0b08fc83bb0a62bf40c67c4314cd0117117604b9b0255a1",
          "url": "https://github.com/docker/buildx/releases/download/v0.12.1/buildx-v0.12.1.windows-arm64.exe"
        }
      },
      "version": "0.12.1"
    },
    "compose": {
      "arches": {
        "amd64": {
          "file": "docker-compose-linux-x86_64",
          "sha256": "d350bbbd1c74c0a8542193bd41881afea534b141c6a9d9a27b2f217e51d5c48c",
          "url": "https://github.com/docker/compose/releases/download/v2.24.1/docker-compose-linux-x86_64"
        },
        "arm32v6": {
          "file": "docker-compose-linux-armv6",
          "sha256": "4a89b48f6a758793d4b40b1ade7bd9e7e2e177e29f05f74abb3fde08f246f0c8",
          "url": "https://github.com/docker/compose/releases/download/v2.24.1/docker-compose-linux-armv6"
        },
        "arm32v7": {
          "file": "docker-compose-linux-armv7",
          "sha256": "2b339b900447394b0cc985d9be30782361828b615ce743c36a9674d4435a2fb9",
          "url": "https://github.com/docker/compose/releases/download/v2.24.1/docker-compose-linux-armv7"
        },
        "arm64v8": {
          "file": "docker-compose-linux-aarch64",
          "sha256": "9b35494742cc54544cd3f67b162ebfb43435077f02556bfb5a7e1c543f0a2da7",
          "url": "https://github.com/docker/compose/releases/download/v2.24.1/docker-compose-linux-aarch64"
        },
        "darwin-amd64": {
          "file": "docker-compose-darwin-x86_64",
          "sha256": "2e2747a09cea129664e44e43338b062d4ef4ef49403badb866c5ff055a56c5b3",
          "url": "https://github.com/docker/compose/releases/download/v2.24.1/docker-compose-darwin-x86_64"
        },
        "darwin-arm64v8": {
          "file": "docker-compose-darwin-aarch64",
          "sha256": "58c6590de4f4fd5f3c32a9155d4210673a139f4b4670f02f4e86e715b1b48ee4",
          "url": "https://github.com/docker/compose/releases/download/v2.24.1/docker-compose-darwin-aarch64"
        },
        "ppc64le": {
          "file": "docker-compose-linux-ppc64le",
          "sha256": "68ce36587759f18a9daaf4a11af6db1ba9e4b7089a8062654de38f8b84506647",
          "url": "https://github.com/docker/compose/releases/download/v2.24.1/docker-compose-linux-ppc64le"
        },
        "riscv64": {
          "file": "docker-compose-linux-riscv64",
          "sha256": "b28cbb99ba1ae9d7b1a4e5d6828a2c2a9b124db2d4f1d226aa71a1f2741aa056",
          "url": "https://github.com/docker/compose/releases/download/v2.24.1/docker-compose-linux-riscv64"
        },
        "s390x": {
          "file": "docker-compose-linux-s390x",
          "sha256": "6177f40328d4004d37b7e422d102d765aeb03e24e202ca8b791a6c000be90665",
          "url": "https://github.com/docker/compose/releases/download/v2.24.1/docker-compose-linux-s390x"
        },
        "windows-amd64": {
          "file": "docker-compose-windows-x86_64.exe",
          "sha256": "6c94193c282d5fba71563c617fe8ddf8dce9355fb1d0ae93609221c590d06fcb",
          "url": "https://github.com/docker/compose/releases/download/v2.24.1/docker-compose-windows-x86_64.exe"
        },
        "windows-arm64v8": {
          "file": "docker-compose-windows-aarch64.exe",
          "sha256": "5d9a05400bba162a39403f782805665aa7aa337a10186fe644b7650affaf7bea",
          "url": "https://github.com/docker/compose/releases/download/v2.24.1/docker-compose-windows-aarch64.exe"
        }
      },
      "version": "2.24.1"
    },
    "dindCommit": "65cfcc28ab37cb75e1560e4b4738719c07c6618e",
    "variants": [
      "cli",
      "dind",
      "dind-rootless",
      "git",
      "windows/windowsservercore-ltsc2022",
      "windows/windowsservercore-1809"
    ],
    "version": "24.0.7"
  },
  "24-rc": null,
  "25": {
    "arches": {
      "amd64": {
        "dockerUrl": "https://download.docker.com/linux/static/stable/x86_64/docker-25.0.0.tgz",
        "rootlessExtrasUrl": "https://download.docker.com/linux/static/stable/x86_64/docker-rootless-extras-25.0.0.tgz"
      },
      "arm32v6": {
        "dockerUrl": "https://download.docker.com/linux/static/stable/armel/docker-25.0.0.tgz"
      },
      "arm32v7": {
        "dockerUrl": "https://download.docker.com/linux/static/stable/armhf/docker-25.0.0.tgz"
      },
      "arm64v8": {
        "dockerUrl": "https://download.docker.com/linux/static/stable/aarch64/docker-25.0.0.tgz",
        "rootlessExtrasUrl": "https://download.docker.com/linux/static/stable/aarch64/docker-rootless-extras-25.0.0.tgz"
      },
      "windows-amd64": {
        "dockerUrl": "https://download.docker.com/win/static/stable/x86_64/docker-25.0.0.zip"
      }
    },
    "buildx": {
      "arches": {
        "amd64": {
          "file": "buildx-v0.12.1.linux-amd64",
          "sha256": "716321df8ca9c82ffe96f37e9f4aa1199d4969795836dbd57ef72d12e3ac5085",
          "url": "https://github.com/docker/buildx/releases/download/v0.12.1/buildx-v0.12.1.linux-amd64"
        },
        "arm32v6": {
          "file": "buildx-v0.12.1.linux-arm-v6",
          "sha256": "4b3c78b59c0383ab21327e2902af2ea317e3b85e442b1cd776f0c2a7bbbb2999",
          "url": "https://github.com/docker/buildx/releases/download/v0.12.1/buildx-v0.12.1.linux-arm-v6"
        },
        "arm32v7": {
          "file": "buildx-v0.12.1.linux-arm-v7",
          "sha256": "fe0a9e7812051a72c47d009bf9373e76e23644cc3291c848ac4a9b6f237e9e75",
          "url": "https://github.com/docker/buildx/releases/download/v0.12.1/buildx-v0.12.1.linux-arm-v7"
        },
        "arm64v8": {
          "file": "buildx-v0.12.1.linux-arm64",
          "sha256": "fb72d627f2ee080bba70375c367f4292867821e29ca9a8cf485622f6ede8f436",
          "url": "https://github.com/docker/buildx/releases/download/v0.12.1/buildx-v0.12.1.linux-arm64"
        },
        "ppc64le": {
          "file": "buildx-v0.12.1.linux-ppc64le",
          "sha256": "1c649498d727183d82fb243e08856533ea90e8d63bfcd6f8b23b264dbcf7ea7a",
          "url": "https://github.com/docker/buildx/releases/download/v0.12.1/buildx-v0.12.1.linux-ppc64le"
        },
        "riscv64": {
          "file": "buildx-v0.12.1.linux-riscv64",
          "sha256": "152e7b423c1ce888eb0a658321eb8c28cc1d09af01acd5c66eddf8474dddf55c",
          "url": "https://github.com/docker/buildx/releases/download/v0.12.1/buildx-v0.12.1.linux-riscv64"
        },
        "s390x": {
          "file": "buildx-v0.12.1.linux-s390x",
          "sha256": "acee98a9f0550bf2c6c1161cf8067c031ddf0c566c41de7db27847bb72e8ee0b",
          "url": "https://github.com/docker/buildx/releases/download/v0.12.1/buildx-v0.12.1.linux-s390x"
        },
        "windows-amd64": {
          "file": "buildx-v0.12.1.windows-amd64.exe",
          "sha256": "0ff0853a09960ff8f454d5db7253d5d935f5538856ea4985a276cbd1b28a96a5",
          "url": "https://github.com/docker/buildx/releases/download/v0.12.1/buildx-v0.12.1.windows-amd64.exe"
        },
        "windows-arm64v8": {
          "file": "buildx-v0.12.1.windows-arm64.exe",
          "sha256": "1eecfbd9a840b3bbd0b08fc83bb0a62bf40c67c4314cd0117117604b9b0255a1",
          "url": "https://github.com/docker/buildx/releases/download/v0.12.1/buildx-v0.12.1.windows-arm64.exe"
        }
      },
      "version": "0.12.1"
    },
    "compose": {
      "arches": {
        "amd64": {
          "file": "docker-compose-linux-x86_64",
          "sha256": "d350bbbd1c74c0a8542193bd41881afea534b141c6a9d9a27b2f217e51d5c48c",
          "url": "https://github.com/docker/compose/releases/download/v2.24.1/docker-compose-linux-x86_64"
        },
        "arm32v6": {
          "file": "docker-compose-linux-armv6",
          "sha256": "4a89b48f6a758793d4b40b1ade7bd9e7e2e177e29f05f74abb3fde08f246f0c8",
          "url": "https://github.com/docker/compose/releases/download/v2.24.1/docker-compose-linux-armv6"
        },
        "arm32v7": {
          "file": "docker-compose-linux-armv7",
          "sha256": "2b339b900447394b0cc985d9be30782361828b615ce743c36a9674d4435a2fb9",
          "url": "https://github.com/docker/compose/releases/download/v2.24.1/docker-compose-linux-armv7"
        },
        "arm64v8": {
          "file": "docker-compose-linux-aarch64",
          "sha256": "9b35494742cc54544cd3f67b162ebfb43435077f02556bfb5a7e1c543f0a2da7",
          "url": "https://github.com/docker/compose/releases/download/v2.24.1/docker-compose-linux-aarch64"
        },
        "darwin-amd64": {
          "file": "docker-compose-darwin-x86_64",
          "sha256": "2e2747a09cea129664e44e43338b062d4ef4ef49403badb866c5ff055a56c5b3",
          "url": "https://github.com/docker/compose/releases/download/v2.24.1/docker-compose-darwin-x86_64"
        },
        "darwin-arm64v8": {
          "file": "docker-compose-darwin-aarch64",
          "sha256": "58c6590de4f4fd5f3c32a9155d4210673a139f4b4670f02f4e86e715b1b48ee4",
          "url": "https://github.com/docker/compose/releases/download/v2.24.1/docker-compose-darwin-aarch64"
        },
        "ppc64le": {
          "file": "docker-compose-linux-ppc64le",
          "sha256": "68ce36587759f18a9daaf4a11af6db1ba9e4b7089a8062654de38f8b84506647",
          "url": "https://github.com/docker/compose/releases/download/v2.24.1/docker-compose-linux-ppc64le"
        },
        "riscv64": {
          "file": "docker-compose-linux-riscv64",
          "sha256": "b28cbb99ba1ae9d7b1a4e5d6828a2c2a9b124db2d4f1d226aa71a1f2741aa056",
          "url": "https://github.com/docker/compose/releases/download/v2.24.1/docker-compose-linux-riscv64"
        },
        "s390x": {
          "file": "docker-compose-linux-s390x",
          "sha256": "6177f40328d4004d37b7e422d102d765aeb03e24e202ca8b791a6c000be90665",
          "url": "https://github.com/docker/compose/releases/download/v2.24.1/docker-compose-linux-s390x"
        },
        "windows-amd64": {
          "file": "docker-compose-windows-x86_64.exe",
          "sha256": "6c94193c282d5fba71563c617fe8ddf8dce9355fb1d0ae93609221c590d06fcb",
          "url": "https://github.com/docker/compose/releases/download/v2.24.1/docker-compose-windows-x86_64.exe"
        },
        "windows-arm64v8": {
          "file": "docker-compose-windows-aarch64.exe",
          "sha256": "5d9a05400bba162a39403f782805665aa7aa337a10186fe644b7650affaf7bea",
          "url": "https://github.com/docker/compose/releases/download/v2.24.1/docker-compose-windows-aarch64.exe"
        }
      },
      "version": "2.24.1"
    },
    "dindCommit": "65cfcc28ab37cb75e1560e4b4738719c07c6618e",
    "variants": [
      "cli",
      "dind",
      "dind-rootless",
      "git",
      "windows/windowsservercore-ltsc2022",
      "windows/windowsservercore-1809"
    ],
    "version": "25.0.0"
  },
  "25-rc": null
}
